,url,expanded_url,display_url,indices
12,https://t.co/U7ZHMNGXRr,http://bit.ly/3d9Ex1s,bit.ly/3d9Ex1s,"[105, 128]"
26,https://t.co/jNAFzXSivs,http://bit.ly/2KMXjj8,bit.ly/2KMXjj8,"[77, 100]"
28,https://t.co/SZe1UhxDpL,http://bit.ly/3d7fqMK,bit.ly/3d7fqMK,"[77, 100]"
36,https://t.co/Vf6wfKBN9c,http://bit.ly/2YpOtjo,bit.ly/2YpOtjo,"[91, 114]"
42,https://t.co/mSf3qUKyfI,http://bit.ly/3aQEZ3b,bit.ly/3aQEZ3b,"[87, 110]"
62,https://t.co/JWF1sIU9va,https://bit.ly/2zFe1i1,bit.ly/2zFe1i1,"[69, 92]"
64,https://t.co/iD9fSLHUwq,https://www.youtube.com/watch?v=ckuF_DvzacE,youtube.com/watch?v=ckuF_D…,"[91, 114]"
67,https://t.co/0P8tutDlhj,http://bit.ly/35jeTVg,bit.ly/35jeTVg,"[95, 118]"
76,https://t.co/Wbudd9tkEj,http://bit.ly/2YhvxTN,bit.ly/2YhvxTN,"[79, 102]"
89,https://t.co/bQKyOxIz9t,https://bit.ly/2KIGWE6,bit.ly/2KIGWE6,"[92, 115]"
94,https://t.co/8we2ziKrui,https://bit.ly/3aMxCdb,bit.ly/3aMxCdb,"[83, 106]"
97,https://t.co/IHBgfcfWkC,http://bit.ly/3cWyMEd,bit.ly/3cWyMEd,"[73, 96]"
101,https://t.co/iY4qkfnran,http://bit.ly/3eW41Bn,bit.ly/3eW41Bn,"[88, 111]"
104,https://t.co/c6dIPBDNv8,http://webby.ruptly.tv,webby.ruptly.tv,"[216, 239]"
119,https://t.co/4jrSbh2Blx,http://bit.ly/2KDGO98,bit.ly/2KDGO98,"[90, 113]"
122,https://t.co/VGYES0F7mX,http://bit.ly/2Se7DVm,bit.ly/2Se7DVm,"[87, 110]"
124,https://t.co/VGYES0F7mX,http://bit.ly/2Se7DVm,bit.ly/2Se7DVm,"[101, 124]"
127,https://t.co/WbVT2FGio2,http://bit.ly/3aM66fG,bit.ly/3aM66fG,"[75, 98]"
130,https://t.co/CrHp14r7Ns,http://bit.ly/3aOo4ye,bit.ly/3aOo4ye,"[83, 106]"
131,https://t.co/irby2BkZvN,http://bit.ly/35eZsNO,bit.ly/35eZsNO,"[70, 93]"
133,https://t.co/xw03U1PLcI,http://bit.ly/3aJiD3M,bit.ly/3aJiD3M,"[76, 99]"
137,https://t.co/WbVT2FXTMC,http://bit.ly/3aM66fG,bit.ly/3aM66fG,"[75, 98]"
138,https://t.co/TVkit8NULT,http://bit.ly/2VH9DHX,bit.ly/2VH9DHX,"[87, 110]"
145,https://t.co/vAM046iPRs,https://bit.ly/2xhYsfy,bit.ly/2xhYsfy,"[67, 90]"
154,https://t.co/ENGKdrOCZv,https://bit.ly/3aLpoSq,bit.ly/3aLpoSq,"[63, 86]"
177,https://t.co/cDQqtUUxzx,https://bit.ly/2Sdtqwv,bit.ly/2Sdtqwv,"[75, 98]"
183,https://t.co/Ku3ls1waXo,https://bit.ly/2y3jvmf,bit.ly/2y3jvmf,"[87, 110]"
184,https://t.co/DIuhZLiwSM,https://bit.ly/2x8JSXw,bit.ly/2x8JSXw,"[83, 106]"
185,https://t.co/kZ6D9EgVgF,https://bit.ly/2W0R7Jt,bit.ly/2W0R7Jt,"[91, 114]"
186,https://t.co/v2NNw2wBnI,http://bit.ly/3cRNufW,bit.ly/3cRNufW,"[62, 85]"
207,https://t.co/N8FAlsU6Mx,https://www.pscp.tv/w/cXMSlDE0ODYxNHwxQlJLalFxZFllanh3vOWnz3IJKO5bSODnW5ZoNiKq4y9s2HmLLuLlXDYJivI=,pscp.tv/w/cXMSlDE0ODYx…,"[85, 108]"
209,https://t.co/ZTpjd2mimd,http://bit.ly/3cNXgQg,bit.ly/3cNXgQg,"[86, 109]"
211,https://t.co/4xhSplJTWp,http://bit.ly/3ePUbRg,bit.ly/3ePUbRg,"[96, 119]"
213,https://t.co/4xhSplJTWp,http://bit.ly/3ePUbRg,bit.ly/3ePUbRg,"[81, 104]"
215,https://t.co/vvlkwTkM9l,https://www.pscp.tv/w/cXLkyzE0ODYxNHwxbkFKRWRaWHpXQUdMdnxXrPOVEHtyVWGjkC6zrwPaCNSKBl-vojcxGI0zP0E=,pscp.tv/w/cXLkyzE0ODYx…,"[78, 101]"
217,https://t.co/xLKfKublnN,http://bit.ly/3bHz0Pu,bit.ly/3bHz0Pu,"[104, 127]"
221,https://t.co/qF8L9arRIi,http://bit.ly/2S9fL9T,bit.ly/2S9fL9T,"[79, 102]"
224,https://t.co/s6phXurXEh,http://bit.ly/2KtKElb,bit.ly/2KtKElb,"[77, 100]"
232,https://t.co/XBuNVMqmOi,http://bit.ly/2znKAAV,bit.ly/2znKAAV,"[74, 97]"
235,https://t.co/35TsI5uGag,https://bit.ly/2S1Djx5,bit.ly/2S1Djx5,"[61, 84]"
244,https://t.co/mFLhkaVtDg,https://bit.ly/2KupTpx,bit.ly/2KupTpx,"[92, 115]"
245,https://t.co/aTay8MoKTA,https://bit.ly/2VzBD0k,bit.ly/2VzBD0k,"[80, 103]"
246,https://t.co/dvsBMquPOx,https://shortyw.in/2Y0YiUB,shortyw.in/2Y0YiUB,"[187, 210]"
256,https://t.co/GFSl4aCN7g,https://bit.ly/2VVwGxs,bit.ly/2VVwGxs,"[83, 106]"
262,https://t.co/tO1YndvTsM,http://bit.ly/2KscqhZ,bit.ly/2KscqhZ,"[66, 89]"
264,https://t.co/3ujImepEfP,http://bit.ly/34YkPmA,bit.ly/34YkPmA,"[76, 99]"
270,https://t.co/0f0iRHTAQy,http://bit.ly/2xVAQgS,bit.ly/2xVAQgS,"[88, 111]"
274,https://t.co/urtMaY8B5Z,http://bit.ly/2yHviGP,bit.ly/2yHviGP,"[67, 90]"
275,https://t.co/BN6oavgodS,http://bit.ly/3cHzBka,bit.ly/3cHzBka,"[57, 80]"
283,https://t.co/1IQZC8Ba2S,http://bit.ly/2x0YFDL,bit.ly/2x0YFDL,"[118, 141]"
293,https://t.co/5aT4FWWZ6k,https://bit.ly/34UDm3h,bit.ly/34UDm3h,"[84, 107]"
311,https://t.co/UOshTgYnTB,https://bit.ly/2VvkXqK,bit.ly/2VvkXqK,"[72, 95]"
312,https://t.co/DRWJusLwpU,https://bit.ly/3aqWcQI,bit.ly/3aqWcQI,"[77, 100]"
316,https://t.co/jY5frwpEkS,http://bit.ly/3cHJX3L,bit.ly/3cHJX3L,"[65, 88]"
318,https://t.co/m2bRib4S0N,http://bit.ly/3cFOdAu,bit.ly/3cFOdAu,"[108, 131]"
329,https://t.co/N6veAFsdl3,https://bit.ly/2RUH3As,bit.ly/2RUH3As,"[79, 102]"
346,https://t.co/WZhaUzbr1h,http://bit.ly/2VPnHy3,bit.ly/2VPnHy3,"[94, 117]"
347,https://t.co/4y2TJhO9p5,https://bit.ly/2Y07yIV,bit.ly/2Y07yIV,"[60, 83]"
354,https://t.co/iLbFNuNWW1,http://bit.ly/2wV6R8q,bit.ly/2wV6R8q,"[91, 114]"
357,https://t.co/U30KtrFyLz,http://bit.ly/3aljasd,bit.ly/3aljasd,"[51, 74]"
361,https://t.co/0ky78fXaMM,http://bit.ly/2wTSPUv,bit.ly/2wTSPUv,"[48, 71]"
362,https://t.co/HzwoiHcTgf,http://bit.ly/34SxeIE,bit.ly/34SxeIE,"[67, 90]"
371,https://t.co/4NxDzmVVlx,https://bit.ly/2RVi1Bl,bit.ly/2RVi1Bl,"[99, 122]"
373,https://t.co/y27agbsrmf,https://bit.ly/3eC4N6m,bit.ly/3eC4N6m,"[88, 111]"
377,https://t.co/RuKgYnSXrw,https://bit.ly/2XSd1RY,bit.ly/2XSd1RY,"[109, 132]"
385,https://t.co/rcCGlvjuyC,https://bit.ly/3amRBiu,bit.ly/3amRBiu,"[78, 101]"
386,https://t.co/zC1mwu7T4t,http://bit.ly/2xMgjLH,bit.ly/2xMgjLH,"[82, 105]"
389,https://t.co/NelmaE2NIU,http://bit.ly/3512uWd,bit.ly/3512uWd,"[71, 94]"
393,https://t.co/bABMtRjyHR,http://bit.ly/3amhQp5,bit.ly/3amhQp5,"[76, 99]"
394,https://t.co/NPGkYvfDok,http://bit.ly/3atRX73,bit.ly/3atRX73,"[75, 98]"
396,https://t.co/ES9eBLNwr6,http://bit.ly/2VBmKJm,bit.ly/2VBmKJm,"[84, 107]"
410,https://t.co/uJXX2zLXSX,https://bit.ly/2zeG73D,bit.ly/2zeG73D,"[83, 106]"
412,https://t.co/uJXX2zLXSX,https://bit.ly/2zeG73D,bit.ly/2zeG73D,"[83, 106]"
438,https://t.co/J47ir0pqcj,https://bit.ly/2KaoXX9,bit.ly/2KaoXX9,"[92, 115]"
442,https://t.co/zFyarOK6mk,http://bit.ly/3biwPlk,bit.ly/3biwPlk,"[94, 117]"
450,https://t.co/BXPe7Jj47d,http://bit.ly/3aiMqjg,bit.ly/3aiMqjg,"[67, 90]"
454,https://t.co/ewa93hakXf,http://bit.ly/2RMGSXZ,bit.ly/2RMGSXZ,"[76, 99]"
458,https://t.co/bLC8hrtFLn,https://www.youtube.com/watch?v=92440H61hN0,youtube.com/watch?v=92440H…,"[103, 126]"
460,https://t.co/42a1hAypdY,https://www.pscp.tv/w/cWfjXDE0ODYxNHwxT3d4V1FXTkF5bUdRQLOcRAKB55_tJilBX6C2umO48KB1SoBqVKbE5s5ndrU=,pscp.tv/w/cWfjXDE0ODYx…,"[46, 69]"
462,https://t.co/Wx0QcM1AzY,https://bit.ly/2RI2Knk,bit.ly/2RI2Knk,"[60, 83]"
469,https://t.co/3m8KinoEJn,https://bit.ly/3bgvMSF,bit.ly/3bgvMSF,"[83, 106]"
470,https://t.co/FQgsiPNvPt,https://bit.ly/2XFu0GP,bit.ly/2XFu0GP,"[75, 98]"
482,https://t.co/TOTIJ4v01A,http://bit.ly/3cp1m0V,bit.ly/3cp1m0V,"[63, 86]"
484,https://t.co/TmNi5sx7IE,http://bit.ly/2Ke2HeI,bit.ly/2Ke2HeI,"[64, 87]"
487,https://t.co/oX9YGo3V9K,http://bit.ly/34Id8Rp,bit.ly/34Id8Rp,"[97, 120]"
488,https://t.co/fMbs8g3vA2,http://bit.ly/2yYMszU,bit.ly/2yYMszU,"[97, 120]"
491,https://t.co/g7NH7MBdpZ,http://bit.ly/2K8mDj8,bit.ly/2K8mDj8,"[63, 86]"
508,https://t.co/c57hxBi8Ox,https://bit.ly/2xANHFh,bit.ly/2xANHFh,"[89, 112]"
509,https://t.co/c57hxBi8Ox,https://bit.ly/2xANHFh,bit.ly/2xANHFh,"[88, 111]"
510,https://t.co/YWPG7c4TpH,https://bit.ly/3ep5Sy6,bit.ly/3ep5Sy6,"[74, 97]"
517,https://t.co/osUmkVwO3g,http://bit.ly/2ydYSUi,bit.ly/2ydYSUi,"[106, 129]"
518,https://t.co/oqjttSgyMG,http://bit.ly/2yhobVs,bit.ly/2yhobVs,"[85, 108]"
521,https://t.co/RgM2h368PM,https://bit.ly/2Vc497G,bit.ly/2Vc497G,"[101, 124]"
524,https://t.co/Awn9D0g2lp,https://www.pscp.tv/w/cWXJMTE0ODYxNHwxZ3F4dkVYUk5xd0pCFZw7vukFQSWUZyKqQ5NySD4HMY1go_idcSOAKLWpPDw=,pscp.tv/w/cWXJMTE0ODYx…,"[57, 80]"
526,https://t.co/RgM2h3nJHk,https://bit.ly/2Vc497G,bit.ly/2Vc497G,"[97, 120]"
527,https://t.co/8mMGGsSDgL,https://www.pscp.tv/Ruptly/1RDGlQWoWplJL?t=3m38s,pscp.tv/Ruptly/1RDGlQW…,"[66, 89]"
529,https://t.co/q2OcAKSvCw,http://bit.ly/2wFdQlJ,bit.ly/2wFdQlJ,"[79, 102]"
533,https://t.co/MfOwZKEVlB,https://bit.ly/3eqVDt6,bit.ly/3eqVDt6,"[55, 78]"
535,https://t.co/MfOwZKWwKb,https://bit.ly/3eqVDt6,bit.ly/3eqVDt6,"[51, 74]"
543,https://t.co/dChIXeQlde,https://bit.ly/2Vb5QlY,bit.ly/2Vb5QlY,"[77, 100]"
546,https://t.co/q2yv9j68yx,https://bit.ly/3elflqh,bit.ly/3elflqh,"[73, 96]"
556,https://t.co/j8xlBWiyNu,https://www.youtube.com/watch?v=b7Pe5B_gRAY&feature=youtu.be,youtube.com/watch?v=b7Pe5B…,"[96, 119]"
575,https://t.co/q3pJKYgtYY,http://bit.ly/3a6Pj6P,bit.ly/3a6Pj6P,"[108, 131]"
580,https://t.co/5MI6QmMBWo,https://bit.ly/2XB83bY,bit.ly/2XB83bY,"[88, 111]"
581,https://t.co/gH5HHNxBk9,https://bit.ly/2RCN2tF,bit.ly/2RCN2tF,"[57, 80]"
582,https://t.co/dlFKAMMO8M,http://bit.ly/3enNFBk,bit.ly/3enNFBk,"[67, 90]"
590,https://t.co/rfqDU8Sm4o,https://bit.ly/3a2UzIB,bit.ly/3a2UzIB,"[100, 123]"
591,https://t.co/rfqDU8Sm4o,https://bit.ly/3a2UzIB,bit.ly/3a2UzIB,"[105, 128]"
595,https://t.co/rZjy8pNQ2N,http://bit.ly/3ekodMY,bit.ly/3ekodMY,"[69, 92]"
603,https://t.co/mwOQ6hZslr,http://bit.ly/2wDMUD2,bit.ly/2wDMUD2,"[52, 75]"
605,https://t.co/5Blw8xRUsZ,http://bit.ly/2xnYLFu,bit.ly/2xnYLFu,"[96, 119]"
608,https://t.co/p2sGqUAKP2,http://bit.ly/34ymwHl,bit.ly/34ymwHl,"[74, 97]"
620,https://t.co/Kz5R03nTTi,http://bit.ly/2Vk1Y0Q,bit.ly/2Vk1Y0Q,"[70, 93]"
630,https://t.co/Ao6ZrOiWeZ,http://bit.ly/2V3eZgc,bit.ly/2V3eZgc,"[103, 126]"
638,https://t.co/tKTOLCPi6W,http://bit.ly/34tqW1X,bit.ly/34tqW1X,"[92, 115]"
642,https://t.co/tKTOLCPi6W,http://bit.ly/34tqW1X,bit.ly/34tqW1X,"[91, 114]"
646,https://t.co/Ztlbb1EvrI,http://bit.ly/3c7aebi,bit.ly/3c7aebi,"[69, 92]"
653,https://t.co/P8e62xLwT2,https://bit.ly/2wyjiqE,bit.ly/2wyjiqE,"[98, 121]"
654,https://t.co/CNoSxbK93m,https://bit.ly/2XrR9wy,bit.ly/2XrR9wy,"[92, 115]"
656,https://t.co/AOOHsSIgni,https://bit.ly/2JTJyPd,bit.ly/2JTJyPd,"[91, 114]"
657,https://t.co/CNoSxbK93m,https://bit.ly/2XrR9wy,bit.ly/2XrR9wy,"[97, 120]"
663,https://t.co/BcMdBV79D0,https://bit.ly/2UWQn8T,bit.ly/2UWQn8T,"[79, 102]"
666,https://t.co/pgwLXF6Gkw,http://bit.ly/34rekIL,bit.ly/34rekIL,"[98, 121]"
669,https://t.co/oVr4D1Tnr4,http://bit.ly/3e2DKAK,bit.ly/3e2DKAK,"[79, 102]"
678,https://t.co/BxnLesi8IO,https://bit.ly/39V0kbe,bit.ly/39V0kbe,"[76, 99]"
679,https://t.co/QlPA3sKkY3,http://bit.ly/2yFRXTY,bit.ly/2yFRXTY,"[78, 101]"
680,https://t.co/mZ4maqFukH,http://bit.ly/34oQ0qW,bit.ly/34oQ0qW,"[67, 90]"
685,https://t.co/Q50V2Y2N0R,https://www.youtube.com/watch?v=qVyxO8KdKOU,youtube.com/watch?v=qVyxO8…,"[56, 79]"
690,https://t.co/CFkfDtQimT,https://bit.ly/34oQ0qW,bit.ly/34oQ0qW,"[67, 90]"
697,https://t.co/BSg9dMrwAW,http://bit.ly/3aXPoej,bit.ly/3aXPoej,"[84, 107]"
698,https://t.co/Z8AhL7KAIP,http://bit.ly/39WFjge,bit.ly/39WFjge,"[56, 79]"
707,https://t.co/Czev9nivoX,https://bit.ly/3aVpTuc,bit.ly/3aVpTuc,"[100, 123]"
710,https://t.co/Czev9nivoX,https://bit.ly/3aVpTuc,bit.ly/3aVpTuc,"[105, 128]"
727,https://t.co/MimMgvBeGj,http://bit.ly/2VeT7xg,bit.ly/2VeT7xg,"[79, 102]"
729,https://t.co/3QTAn0Oyo1,https://bit.ly/2XkbiEL,bit.ly/2XkbiEL,"[66, 89]"
732,https://t.co/UhHhpGnjwO,https://bit.ly/2Xk21fV,bit.ly/2Xk21fV,"[59, 82]"
734,https://t.co/7kh8Meok0r,https://bit.ly/3dYfDTM,bit.ly/3dYfDTM,"[71, 94]"
736,https://t.co/W3E9ZlCqwH,https://bit.ly/3aSE7Mv,bit.ly/3aSE7Mv,"[89, 112]"
738,https://t.co/ZxkRDAdOby,http://bit.ly/2VaE5Jd,bit.ly/2VaE5Jd,"[202, 225]"
739,https://t.co/WwS99HZ8cc,http://bit.ly/2USTQFJ,bit.ly/2USTQFJ,"[88, 111]"
748,https://t.co/6SheuhTR2n,https://bit.ly/2x27U6M,bit.ly/2x27U6M,"[91, 114]"
751,https://t.co/6SheuhTR2n,https://bit.ly/2x27U6M,bit.ly/2x27U6M,"[96, 119]"
753,https://t.co/XrXNsufiHe,http://bit.ly/2JPk4Tg,bit.ly/2JPk4Tg,"[123, 146]"
755,https://t.co/XrXNsufiHe,http://bit.ly/2JPk4Tg,bit.ly/2JPk4Tg,"[62, 85]"
758,https://t.co/WU4IV3OLiv,http://bit.ly/3c3NF7d,bit.ly/3c3NF7d,"[42, 65]"
759,https://t.co/WU4IV3OLiv,http://bit.ly/3c3NF7d,bit.ly/3c3NF7d,"[42, 65]"
760,https://t.co/XypVcNmZfM,https://bit.ly/34nqi63,bit.ly/34nqi63,"[63, 86]"
763,https://t.co/zMbEZgExjP,https://bit.ly/2RegK8f,bit.ly/2RegK8f,"[84, 107]"
768,https://t.co/OdkzBFVdUF,https://bit.ly/2Rgt9Iz,bit.ly/2Rgt9Iz,"[67, 90]"
772,https://t.co/H1NA5mFZqG,https://bit.ly/3e4mcEk,bit.ly/3e4mcEk,"[66, 89]"
783,https://t.co/m3krlBB4c7,http://bit.ly/2ULybPE,bit.ly/2ULybPE,"[221, 244]"
784,https://t.co/G02rsVMj22,http://bit.ly/3dVhCIF,bit.ly/3dVhCIF,"[188, 211]"
793,https://t.co/6RHiFJqxlh,https://bit.ly/39QLOBg,bit.ly/39QLOBg,"[100, 123]"
794,https://t.co/mjCWD2hvRb,https://bit.ly/2Rgwdog,bit.ly/2Rgwdog,"[91, 114]"
796,https://t.co/W8noYYcA1o,https://bit.ly/34gnxDs,bit.ly/34gnxDs,"[98, 121]"
797,https://t.co/mjCWD2hvRb,https://bit.ly/2Rgwdog,bit.ly/2Rgwdog,"[91, 114]"
798,https://t.co/JLPnR66VqD,https://youtu.be/Gm3RYPUF7ww,youtu.be/Gm3RYPUF7ww,"[70, 93]"
807,https://t.co/OAQnjMjQxd,http://bit.ly/34jxZtZ,bit.ly/34jxZtZ,"[87, 110]"
808,https://t.co/OAQnjMjQxd,http://bit.ly/34jxZtZ,bit.ly/34jxZtZ,"[77, 100]"
811,https://t.co/ksjWh8SszN,http://bit.ly/3aNChw1,bit.ly/3aNChw1,"[103, 126]"
812,https://t.co/1NXouMtREV,http://bit.ly/2wiiIND,bit.ly/2wiiIND,"[53, 76]"
815,https://t.co/AnFMVqklI6,http://bit.ly/2XdZ2oY,bit.ly/2XdZ2oY,"[69, 92]"
819,https://t.co/LWnIe0XOlm,http://bit.ly/2wljrxy,bit.ly/2wljrxy,"[83, 106]"
821,https://t.co/c0krcpGCE0,https://bit.ly/2yB31Sl,bit.ly/2yB31Sl,"[87, 110]"
823,https://t.co/HTvstlv108,https://bit.ly/2xO5DvY,bit.ly/2xO5DvY,"[98, 121]"
834,https://t.co/AsRGpzRRxs,https://bit.ly/3c5jtsL,bit.ly/3c5jtsL,"[74, 97]"
841,https://t.co/NvfDphNU8Q,http://bit.ly/2yEoTfT,bit.ly/2yEoTfT,"[56, 79]"
849,https://t.co/BfZ8DblmQO,http://bit.ly/2XaBFwM,bit.ly/2XaBFwM,"[79, 102]"
851,https://t.co/mTkDDi3yEd,http://bit.ly/39LQckY,bit.ly/39LQckY,"[79, 102]"
852,https://t.co/zTVaK9UTo5,http://bit.ly/3bPU2eo,bit.ly/3bPU2eo,"[78, 101]"
857,https://t.co/luuEJwkRTF,http://bit.ly/2UK8Ci4,bit.ly/2UK8Ci4,"[92, 115]"
861,https://t.co/cL9Ewqahm8,http://bit.ly/3dT8y6V,bit.ly/3dT8y6V,"[83, 106]"
862,https://t.co/3v7xzGAztC,http://bit.ly/2UHkJMI,bit.ly/2UHkJMI,"[77, 100]"
863,https://t.co/jToGR4Aaeh,https://twitter.com/i/web/status/1246027665888276482,twitter.com/i/web/status/1…,"[118, 141]"
873,https://t.co/OW6xDfb5lS,http://bit.ly/2X8y7Lp,bit.ly/2X8y7Lp,"[104, 127]"
877,https://t.co/opppxA4YzC,http://bit.ly/2UIgTTC,bit.ly/2UIgTTC,"[80, 103]"
882,https://t.co/0K1d64mWj2,http://bit.ly/34ajtEN,bit.ly/34ajtEN,"[79, 102]"
889,https://t.co/XFNrkbuGA8,http://bit.ly/2wc0kWw,bit.ly/2wc0kWw,"[91, 114]"
890,https://t.co/zz5yN8r8me,http://bit.ly/2yxx4uh,bit.ly/2yxx4uh,"[119, 142]"
892,https://t.co/zz5yN8r8me,http://bit.ly/2yxx4uh,bit.ly/2yxx4uh,"[80, 103]"
894,https://t.co/4yIBmrumr7,http://bit.ly/3aIDkxg,bit.ly/3aIDkxg,"[88, 111]"
896,https://t.co/ki6qVfdd7o,https://www.youtube.com/watch?v=26h0QHUB9DE,youtube.com/watch?v=26h0QH…,"[81, 104]"
902,https://t.co/1ZoOoCKL5E,https://www.youtube.com/watch?v=3UqterFTDEI&feature=youtu.be,youtube.com/watch?v=3Uqter…,"[49, 72]"
904,https://t.co/XYDqH7sYsY,http://bit.ly/347rSsE,bit.ly/347rSsE,"[72, 95]"
908,https://t.co/FIPL95Tmsv,http://bit.ly/3bJnL8E,bit.ly/3bJnL8E,"[72, 95]"
911,https://t.co/IM9iSGF0rH,https://bit.ly/347rSsE,bit.ly/347rSsE,"[23, 46]"
913,https://t.co/MfXjrZQfEY,https://bit.ly/2JC2kL2,bit.ly/2JC2kL2,"[117, 140]"
918,https://t.co/8gS6M5Nmwi,http://bit.ly/2JB1Apf,bit.ly/2JB1Apf,"[81, 104]"
919,https://t.co/aba64Uv2XW,http://bit.ly/2JAWE3M,bit.ly/2JAWE3M,"[78, 101]"
921,https://t.co/jOmsoA3s7l,http://bit.ly/2UQUG4k,bit.ly/2UQUG4k,"[65, 88]"
931,https://t.co/BQjFq9xKUz,https://bit.ly/2X4B53m,bit.ly/2X4B53m,"[80, 103]"
932,https://t.co/BQjFq9xKUz,https://bit.ly/2X4B53m,bit.ly/2X4B53m,"[85, 108]"
934,https://t.co/bWjLriQfTe,http://bit.ly/2WYurfc,bit.ly/2WYurfc,"[92, 115]"
940,https://t.co/yX35YZ5hXH,https://bit.ly/2QZP3zV,bit.ly/2QZP3zV,"[88, 111]"
942,https://t.co/bWjLrj7RhO,http://bit.ly/2WYurfc,bit.ly/2WYurfc,"[92, 115]"
946,https://t.co/NNu3jdIa1z,http://bit.ly/3bLF1dD,bit.ly/3bLF1dD,"[58, 81]"
948,https://t.co/hv6AkHqyxU,http://bit.ly/3dNxtsu,bit.ly/3dNxtsu,"[67, 90]"
962,https://t.co/N4vm9YucQK,https://bit.ly/2UMOrhW,bit.ly/2UMOrhW,"[80, 103]"
963,https://t.co/N4vm9YucQK,https://bit.ly/2UMOrhW,bit.ly/2UMOrhW,"[85, 108]"
965,https://t.co/wQlRRiyYu9,http://bit.ly/2wa643c,bit.ly/2wa643c,"[81, 104]"
977,https://t.co/kviZEnTG3d,http://bit.ly/3468E6H,bit.ly/3468E6H,"[63, 86]"
985,https://t.co/hug7QMmIPw,https://www.youtube.com/watch?v=qf_cj5hfgyM,youtube.com/watch?v=qf_cj5…,"[63, 86]"
987,https://t.co/5iXuF4vCmr,http://bit.ly/2USXez1,bit.ly/2USXez1,"[63, 86]"
990,https://t.co/6X7X0DYLMI,http://bit.ly/2UV9X4n,bit.ly/2UV9X4n,"[68, 91]"
992,https://t.co/QedPBcjDyf,http://bit.ly/39CnV0e,bit.ly/39CnV0e,"[103, 126]"
1005,https://t.co/pnUjFCuFch,https://bit.ly/3dGXE45,bit.ly/3dGXE45,"[74, 97]"
1009,https://t.co/Bdwat164Fx,https://bit.ly/2JtyBnf,bit.ly/2JtyBnf,"[92, 115]"
1010,https://t.co/szPfLt7qUN,https://bit.ly/2w190yT,bit.ly/2w190yT,"[103, 126]"
1012,https://t.co/DCLtLDZJcn,http://bit.ly/340WAn7,bit.ly/340WAn7,"[67, 90]"
1025,https://t.co/m8CiXwTYI4,http://bit.ly/2QXXCLz,bit.ly/2QXXCLz,"[59, 82]"
1039,https://t.co/4aAVO2DKfb,https://bit.ly/2QXYlML,bit.ly/2QXYlML,"[89, 112]"
1040,https://t.co/4aAVO2DKfb,https://bit.ly/2QXYlML,bit.ly/2QXYlML,"[79, 102]"
1045,https://t.co/C01F8zP1t3,https://bit.ly/343yB76,bit.ly/343yB76,"[101, 124]"
1047,https://t.co/UiFUbs3uKc,https://bit.ly/2JmzY7k,bit.ly/2JmzY7k,"[82, 105]"
1049,https://t.co/AUqvigKSuF,http://bit.ly/2JqgVc9,bit.ly/2JqgVc9,"[127, 150]"
1052,https://t.co/AUqvigKSuF,http://bit.ly/2JqgVc9,bit.ly/2JqgVc9,"[78, 101]"
1054,https://t.co/e2qPlqD2fl,https://bit.ly/2yhRoj3,bit.ly/2yhRoj3,"[82, 105]"
1055,https://t.co/oFdLWRPpOa,http://bit.ly/2WT4o9d,bit.ly/2WT4o9d,"[64, 87]"
1062,https://t.co/IoF8x9ynGm,http://bit.ly/2WR8ajd,bit.ly/2WR8ajd,"[74, 97]"
1064,https://t.co/6ffEpWkw7d,http://bit.ly/3arR7Z2,bit.ly/3arR7Z2,"[61, 84]"
1073,https://t.co/oAT7LDsigp,https://bit.ly/2Jq7yta,bit.ly/2Jq7yta,"[63, 86]"
1075,https://t.co/oAT7LDsigp,https://bit.ly/2Jq7yta,bit.ly/2Jq7yta,"[68, 91]"
1080,https://t.co/D4BQcMNWfi,https://bit.ly/39s1QkM,bit.ly/39s1QkM,"[106, 129]"
1082,https://t.co/ZIKUhWCEri,https://bit.ly/2UrJNqY,bit.ly/2UrJNqY,"[74, 97]"
1094,https://t.co/dpwZrc72ea,http://bit.ly/2JnGPNO,bit.ly/2JnGPNO,"[59, 82]"
1095,https://t.co/upx2IpPKFI,http://bit.ly/3dBpGOx,bit.ly/3dBpGOx,"[77, 100]"
1096,https://t.co/vqNJnTcYLn,http://bit.ly/39rURZo,bit.ly/39rURZo,"[74, 97]"
1099,https://t.co/Glb4kx1ZLT,http://bit.ly/2WM4O17,bit.ly/2WM4O17,"[54, 77]"
1105,https://t.co/YTKt7TuY3a,http://bit.ly/33PrX4e,bit.ly/33PrX4e,"[53, 76]"
1108,https://t.co/jSmvBNqEvY,http://bit.ly/2QSlCQ4,bit.ly/2QSlCQ4,"[96, 119]"
1109,https://t.co/5oUC4vOA0y,https://www.youtube.com/watch?v=2dy4uPEJATo,youtube.com/watch?v=2dy4uP…,"[74, 97]"
1111,https://t.co/wYiGljD8Dl,http://bit.ly/3bu2sYB,bit.ly/3bu2sYB,"[84, 107]"
1112,https://t.co/kNaWt7lj1n,http://bit.ly/2ye0Q7a,bit.ly/2ye0Q7a,"[88, 111]"
1113,https://t.co/m6ndgJ88G9,https://youtu.be/d7WK6x3n3vc,youtu.be/d7WK6x3n3vc,"[76, 99]"
1116,https://t.co/RZZxaFGdzq,http://bit.ly/2Jiobqx,bit.ly/2Jiobqx,"[83, 106]"
1121,https://t.co/IZVLcPfpok,http://bit.ly/2wwV14o,bit.ly/2wwV14o,"[113, 136]"
1127,https://t.co/Ob1kuLbVCP,http://bit.ly/39p3mUZ,bit.ly/39p3mUZ,"[70, 93]"
1141,https://t.co/uXzlJL6vT3,http://bit.ly/33QtiaJ,bit.ly/33QtiaJ,"[80, 103]"
1142,https://t.co/FOSLgzVRBV,http://bit.ly/2xokBsn,bit.ly/2xokBsn,"[100, 123]"
1160,https://t.co/r5B5H2Sfuz,https://bit.ly/2xtOg33,bit.ly/2xtOg33,"[67, 90]"
1161,https://t.co/dnVs05eCc1,https://bit.ly/2y5roqZ,bit.ly/2y5roqZ,"[90, 113]"
1163,https://t.co/v0qJZIT56O,https://bit.ly/39nhUnY,bit.ly/39nhUnY,"[82, 105]"
1164,https://t.co/e5rDUGqqLf,http://bit.ly/39kRNhA,bit.ly/39kRNhA,"[103, 126]"
1182,https://t.co/fTnvl2UO1K,https://bit.ly/33J5HZA,bit.ly/33J5HZA,"[82, 105]"
1184,https://t.co/1nETRVObgM,https://bit.ly/3btm8vZ,bit.ly/3btm8vZ,"[76, 99]"
1186,https://t.co/QLEZPjViXX,http://bit.ly/33MKIVH,bit.ly/33MKIVH,"[55, 78]"
1187,https://t.co/MJnzYuN20C,https://bit.ly/3bljMio,bit.ly/3bljMio,"[59, 82]"
1188,https://t.co/rcNhjD84TH,https://www.youtube.com/watch?v=EO9DhARXvsA,youtube.com/watch?v=EO9DhA…,"[73, 96]"
1189,https://t.co/ostCIJiwIq,https://bit.ly/2wBkjOG,bit.ly/2wBkjOG,"[58, 81]"
1191,https://t.co/AIfbgxtcQ5,https://www.youtube.com/watch?v=ZdpyeFqo6Pg,youtube.com/watch?v=ZdpyeF…,"[70, 93]"
1194,https://t.co/eeWBDITha7,http://bit.ly/2Jd34pt,bit.ly/2Jd34pt,"[83, 106]"
1206,https://t.co/u545xHzNjN,http://bit.ly/2QGLKNM,bit.ly/2QGLKNM,"[77, 100]"
1217,https://t.co/uRlj2nkiou,https://bit.ly/2Uz6pog,bit.ly/2Uz6pog,"[60, 83]"
1227,https://t.co/mWH5t3onOq,https://bit.ly/2UuviBv,bit.ly/2UuviBv,"[64, 87]"
1238,https://t.co/2ykakV20Ot,http://bit.ly/3bdo6Aq,bit.ly/3bdo6Aq,"[73, 96]"
1240,https://t.co/2ykakVjCd3,http://bit.ly/3bdo6Aq,bit.ly/3bdo6Aq,"[73, 96]"
1251,https://t.co/M6aYBYRKbU,http://bit.ly/2WEPNxN,bit.ly/2WEPNxN,"[78, 101]"
1254,https://t.co/W7OE7zmxQm,https://bit.ly/2WDSWya,bit.ly/2WDSWya,"[87, 110]"
1256,https://t.co/vSxs9Shjyf,https://www.youtube.com/watch?v=yJNH4dMeaeQ,youtube.com/watch?v=yJNH4d…,"[54, 77]"
1263,https://t.co/prhaxvGs4z,https://bit.ly/3dpgdtC,bit.ly/3dpgdtC,"[72, 95]"
1267,https://t.co/iou7LvqzRn,https://www.youtube.com/watch?v=ZkZShOVk-t4&feature=youtu.be,youtube.com/watch?v=ZkZShO…,"[84, 107]"
1268,https://t.co/7KSHwDKX38,http://bit.ly/39e78jO,bit.ly/39e78jO,"[64, 87]"
1277,https://t.co/FPeNdl3tiN,https://bit.ly/2xknGK0,bit.ly/2xknGK0,"[78, 101]"
1285,https://t.co/rcshRY3nvC,https://www.youtube.com/watch?v=Fi43DiVL55Q,youtube.com/watch?v=Fi43Di…,"[71, 94]"
1292,https://t.co/ZpQf2E1VuH,http://bit.ly/2WxHjbN,bit.ly/2WxHjbN,"[62, 85]"
1294,https://t.co/fCIuvBJ2xF,http://bit.ly/2WzDP8U,bit.ly/2WzDP8U,"[63, 86]"
1298,https://t.co/ZpQf2E1VuH,http://bit.ly/2WxHjbN,bit.ly/2WxHjbN,"[62, 85]"
1303,https://t.co/bir3H3uyAH,http://bit.ly/2xTisoA,bit.ly/2xTisoA,"[97, 120]"
1304,https://t.co/OBiICuG3V2,https://www.youtube.com/watch?v=Et8-giciv_k,youtube.com/watch?v=Et8-gi…,"[70, 93]"
1306,https://t.co/El5COpD9al,https://www.youtube.com/watch?v=QVbXnjrlfFw,youtube.com/watch?v=QVbXnj…,"[77, 100]"
1309,https://t.co/rfn5783eEa,http://bit.ly/3dluJmb,bit.ly/3dluJmb,"[75, 98]"
1314,https://t.co/dtqD5YkOPM,http://bit.ly/2WyPjcO,bit.ly/2WyPjcO,"[85, 108]"
1326,https://t.co/BZQ30vzy83,https://bit.ly/2wrzda1,bit.ly/2wrzda1,"[96, 119]"
1328,https://t.co/7OtpGg3rC9,https://bit.ly/33Ar6US,bit.ly/33Ar6US,"[78, 101]"
1334,https://t.co/3JjYTLyyiK,https://bit.ly/2U7GuVq,bit.ly/2U7GuVq,"[89, 112]"
1336,https://t.co/IWUSHx1SQM,https://bit.ly/2UqlZ5g,bit.ly/2UqlZ5g,"[95, 118]"
1344,https://t.co/imCuUOTUw8,http://bit.ly/2QwcIYt,bit.ly/2QwcIYt,"[187, 210]"
1364,https://t.co/3z0rLi86in,http://bit.ly/3b7zxJR,bit.ly/3b7zxJR,"[82, 105]"
1369,https://t.co/n6msEmp9k5,http://bit.ly/393ZubZ,bit.ly/393ZubZ,"[77, 100]"
1375,https://t.co/Ro60C59zsj,http://bit.ly/33uqW1f,bit.ly/33uqW1f,"[60, 83]"
1376,https://t.co/7d8MwxuPCJ,http://bit.ly/2QJyoR9,bit.ly/2QJyoR9,"[76, 99]"
1378,https://t.co/SSJbbmMZ5s,https://bit.ly/2QtdKV6,bit.ly/2QtdKV6,"[67, 90]"
1380,https://t.co/zdip515BIt,http://bit.ly/3a4mkBs,bit.ly/3a4mkBs,"[96, 119]"
1382,https://t.co/WHJhQYXbo5,https://twitter.com/RuptlyVU_Arabic/status/1240345730012897280,twitter.com/RuptlyVU_Arabi…,"[169, 192]"
1383,https://t.co/aobjJrL4RX,http://bit.ly/3dbNLeC,bit.ly/3dbNLeC,"[127, 150]"
1384,https://t.co/RvxUSLd7te,http://bit.ly/33uY9tg,bit.ly/33uY9tg,"[97, 120]"
1385,https://t.co/HhdCQxkjLI,http://bit.ly/3dbYCoR,bit.ly/3dbYCoR,"[231, 254]"
1405,https://t.co/3aeXLrVYUa,http://bit.ly/392GSJ4,bit.ly/392GSJ4,"[80, 103]"
1413,https://t.co/e31LGqD8lb,https://bit.ly/3d8bLPG,bit.ly/3d8bLPG,"[71, 94]"
1419,https://t.co/EjF5C5d6xN,https://bit.ly/3a2JgRo,bit.ly/3a2JgRo,"[103, 126]"
1421,https://t.co/M8WLJMoV0J,https://bit.ly/2U9UWLq,bit.ly/2U9UWLq,"[78, 101]"
1422,https://t.co/gMR5AWG8b3,https://bit.ly/3a4UQeY,bit.ly/3a4UQeY,"[80, 103]"
1426,https://t.co/lEyrK7sbYV,https://bit.ly/2IVvsfN,bit.ly/2IVvsfN,"[63, 86]"
1427,https://t.co/VffIfqTShl,http://bit.ly/2TXrwBy,bit.ly/2TXrwBy,"[115, 138]"
1428,https://t.co/kCwkaMIsdc,http://bit.ly/2WoBCNi,bit.ly/2WoBCNi,"[134, 157]"
1429,https://t.co/ALvx70ma8C,http://bit.ly/38Z9MKj,bit.ly/38Z9MKj,"[75, 98]"
1444,https://t.co/a3063Ex5gd,https://www.youtube.com/watch?v=CdObzNJOZQE,youtube.com/watch?v=CdObzN…,"[76, 99]"
1448,https://t.co/SZLGhQRAqB,https://bit.ly/3b7XxML,bit.ly/3b7XxML,"[43, 66]"
1457,https://t.co/R1S13xRC8N,http://bit.ly/2QollnJ,bit.ly/2QollnJ,"[71, 94]"
1458,https://t.co/MwYvFcV8iJ,http://bit.ly/3d4zG2t,bit.ly/3d4zG2t,"[85, 108]"
1468,https://t.co/tqNlXCIlX0,http://bit.ly/33n84kR,bit.ly/33n84kR,"[79, 102]"
1470,https://t.co/GuqbVQdEzI,http://bit.ly/2TUhalW,bit.ly/2TUhalW,"[90, 113]"
1481,https://t.co/GAULZmadk9,https://bit.ly/3b5c2Rt,bit.ly/3b5c2Rt,"[91, 114]"
1489,https://t.co/cuO8O8fLr7,https://www.youtube.com/watch?v=BqzcZ8u1M-M,youtube.com/watch?v=BqzcZ8…,"[59, 82]"
1491,https://t.co/BONosPNnS8,https://www.youtube.com/watch?v=7Aid6PvobBc,youtube.com/watch?v=7Aid6P…,"[54, 77]"
1496,https://t.co/xMFhpuanrc,http://bit.ly/39Uv655,bit.ly/39Uv655,"[95, 118]"
1499,https://t.co/heQvQGDFMC,http://bit.ly/2wWKAqD,bit.ly/2wWKAqD,"[60, 83]"
1509,https://t.co/6yGpUKjZj7,http://bit.ly/2x12rwi,bit.ly/2x12rwi,"[63, 86]"
1523,https://t.co/kK6dvvAJpr,http://bit.ly/2xHsZDp,bit.ly/2xHsZDp,"[94, 117]"
1524,https://t.co/E7uRTZNILo,https://www.youtube.com/watch?v=Hnj5z9zazZ0,youtube.com/watch?v=Hnj5z9…,"[92, 115]"
1530,https://t.co/QeRgieZEGY,http://bit.ly/2U5q6E0,bit.ly/2U5q6E0,"[66, 89]"
1531,https://t.co/QzGe3ch5bD,http://bit.ly/3aVthVu,bit.ly/3aVthVu,"[77, 100]"
1536,https://t.co/UZ6Ll8UaEZ,http://bit.ly/2vYWgZS,bit.ly/2vYWgZS,"[79, 102]"
1537,https://t.co/QeRgieZEGY,http://bit.ly/2U5q6E0,bit.ly/2U5q6E0,"[57, 80]"
1538,https://t.co/EbpN31GZTk,http://bit.ly/33kHQ2s,bit.ly/33kHQ2s,"[97, 120]"
1543,https://t.co/ppln3v6d5X,http://bit.ly/38TOIVs,bit.ly/38TOIVs,"[117, 140]"
1545,https://t.co/Qd0d2RnhBe,https://www.youtube.com/watch?v=iCp6kZTegHc,youtube.com/watch?v=iCp6kZ…,"[67, 90]"
1550,https://t.co/EFUA2RmucV,http://bit.ly/2TQAzEn,bit.ly/2TQAzEn,"[112, 135]"
1551,https://t.co/UeiG4qy4VP,http://bit.ly/2WdsOdh,bit.ly/2WdsOdh,"[91, 114]"
1555,https://t.co/YhLRaLobbk,http://bit.ly/2TPStHe,bit.ly/2TPStHe,"[91, 114]"
1556,https://t.co/RU8LhSCWfY,http://bit.ly/33hXbAA,bit.ly/33hXbAA,"[67, 90]"
1565,https://t.co/IdOJG6sFa8,http://bit.ly/3b4O8G7,bit.ly/3b4O8G7,"[79, 102]"
1567,https://t.co/jlvXJ4njtr,http://bit.ly/2Qcw4li,bit.ly/2Qcw4li,"[74, 97]"
1568,https://t.co/IdOJG6sFa8,http://bit.ly/3b4O8G7,bit.ly/3b4O8G7,"[61, 84]"
1572,https://t.co/bU5CNSLXBG,http://bit.ly/33fucgQ,bit.ly/33fucgQ,"[75, 98]"
1574,https://t.co/YF8vgleeX3,http://bit.ly/38PZzzQ,bit.ly/38PZzzQ,"[64, 87]"
1579,https://t.co/M4OZt3D2C8,https://bit.ly/33g6S2n,bit.ly/33g6S2n,"[65, 88]"
1580,https://t.co/Q8MDfjbTsb,https://bit.ly/2WeJhxF,bit.ly/2WeJhxF,"[76, 99]"
1583,https://t.co/JgkrQqiQUb,https://bit.ly/33maTT5,bit.ly/33maTT5,"[58, 81]"
1586,https://t.co/UxvtQaZz1I,http://bit.ly/2TQECk5,bit.ly/2TQECk5,"[73, 96]"
1590,https://t.co/Z2VQXtVogi,https://bit.ly/3aRgqDD,bit.ly/3aRgqDD,"[84, 107]"
1592,https://t.co/qfRKUkCCMe,http://bit.ly/2xvnur7,bit.ly/2xvnur7,"[82, 105]"
1593,https://t.co/dHhrVsQUhx,http://bit.ly/2wWSzUg,bit.ly/2wWSzUg,"[102, 125]"
1603,https://t.co/NTEqHz6fy9,https://bit.ly/2QbbxO6,bit.ly/2QbbxO6,"[94, 117]"
1610,https://t.co/IeCovMNVG1,http://bit.ly/2W7lMXj,bit.ly/2W7lMXj,"[72, 95]"
1622,https://t.co/I3lQoJz5tN,http://bit.ly/2W71yNf,bit.ly/2W71yNf,"[75, 98]"
1623,https://t.co/LTTuJzCX2V,http://bit.ly/3cTvvGI,bit.ly/3cTvvGI,"[69, 92]"
1625,https://t.co/luba0S2BZ6,http://bit.ly/3aKSku8,bit.ly/3aKSku8,"[86, 109]"
1628,https://t.co/2w2JFATpcm,https://bit.ly/2wNbK30,bit.ly/2wNbK30,"[91, 114]"
1629,https://t.co/PckzTQAB4L,https://bit.ly/3cLzTaC,bit.ly/3cLzTaC,"[71, 94]"
1630,https://t.co/Lp4lvklrEf,https://bit.ly/3aRohku,bit.ly/3aRohku,"[66, 89]"
1631,https://t.co/1kXQRb2rbQ,https://bit.ly/38LCsq6,bit.ly/38LCsq6,"[59, 82]"
1640,https://t.co/nV5MUOBEQX,https://bit.ly/2W48BGH,bit.ly/2W48BGH,"[69, 92]"
1643,https://t.co/ADPakejKu3,https://bit.ly/338jrgm,bit.ly/338jrgm,"[101, 124]"
1648,https://t.co/3ysnL8UPh6,https://bit.ly/2Q6RRup,bit.ly/2Q6RRup,"[66, 89]"
1652,https://t.co/rP5MTuSp4L,https://bit.ly/3aKnRfU,bit.ly/3aKnRfU,"[88, 111]"
1668,https://t.co/WC5idupDE9,http://bit.ly/2TIRngy,bit.ly/2TIRngy,"[78, 101]"
1672,https://t.co/sUhymZ7rgT,https://twitter.com/RuptlyVU_Arabic/status/1237670627554754560,twitter.com/RuptlyVU_Arabi…,"[179, 202]"
1685,https://t.co/lAle9mg3cf,http://bit.ly/3cSs6YT,bit.ly/3cSs6YT,"[77, 100]"
1687,https://t.co/lAle9mg3cf,http://bit.ly/3cSs6YT,bit.ly/3cSs6YT,"[77, 100]"
1689,https://t.co/zS7vNfHDe0,http://bit.ly/2TDQ3ex,bit.ly/2TDQ3ex,"[80, 103]"
1692,https://t.co/IOOj86Esuz,http://bit.ly/2vetuE6,bit.ly/2vetuE6,"[65, 88]"
1694,https://t.co/bPI6oB2QjD,http://bit.ly/2IBGd6Q,bit.ly/2IBGd6Q,"[94, 117]"
1697,https://t.co/bPI6oBkrbb,http://bit.ly/2IBGd6Q,bit.ly/2IBGd6Q,"[82, 105]"
1699,https://t.co/gmJVeFDPCs,http://bit.ly/38DZL55,bit.ly/38DZL55,"[63, 86]"
1708,https://t.co/OGbjRokJMC,http://bit.ly/33cpqRd,bit.ly/33cpqRd,"[76, 99]"
1712,https://t.co/FjOJaKxeOn,http://bit.ly/2IAX89u,bit.ly/2IAX89u,"[53, 76]"
1715,https://t.co/S7ULGRdPDp,http://bit.ly/3aLhGZ9,bit.ly/3aLhGZ9,"[48, 71]"
1717,https://t.co/vP8jxfmovF,http://bit.ly/3cFqgdH,bit.ly/3cFqgdH,"[55, 78]"
1718,https://t.co/p0NRQ6RIUh,http://rupt.ly/6ew9k,rupt.ly/6ew9k,"[55, 78]"
1734,https://t.co/W722E8Aneo,https://www.youtube.com/watch?v=mANhclm6AoE,youtube.com/watch?v=mANhcl…,"[88, 111]"
1735,https://t.co/zeODI8fQIT,http://bit.ly/2IzHz1M,bit.ly/2IzHz1M,"[87, 110]"
1737,https://t.co/YHeZ0QFzBL,http://bit.ly/2Q13UJJ,bit.ly/2Q13UJJ,"[70, 93]"
1738,https://t.co/0vTCVoJ1iR,http://bit.ly/2wGEg6t,bit.ly/2wGEg6t,"[117, 140]"
1742,https://t.co/0vTCVoJ1iR,http://bit.ly/2wGEg6t,bit.ly/2wGEg6t,"[109, 132]"
1746,https://t.co/18nafCiH4x,http://bit.ly/338C5EL,bit.ly/338C5EL,"[59, 82]"
1750,https://t.co/9irzWSBvWi,http://bit.ly/2TAuEmE,bit.ly/2TAuEmE,"[119, 142]"
1752,https://t.co/18nafCiH4x,http://bit.ly/338C5EL,bit.ly/338C5EL,"[53, 76]"
1773,https://t.co/yNRNbXHq52,http://bit.ly/2VQYEfH,bit.ly/2VQYEfH,"[70, 93]"
1782,https://t.co/OkpLBmEREP,http://bit.ly/2TyvHU8,bit.ly/2TyvHU8,"[88, 111]"
1788,https://t.co/2kqW4ec89t,http://bit.ly/2IrLeP5,bit.ly/2IrLeP5,"[75, 98]"
1803,https://t.co/ULAz0guLHp,http://bit.ly/32WIjHI,bit.ly/32WIjHI,"[83, 106]"
1809,https://t.co/DXtg0w4CH5,http://bit.ly/32XJirc,bit.ly/32XJirc,"[87, 110]"
1810,https://t.co/Szj6cyAgMQ,http://bit.ly/2VOXeCb,bit.ly/2VOXeCb,"[70, 93]"
1819,https://t.co/jOs8JkQ6M2,http://bit.ly/3cBZ2oc,bit.ly/3cBZ2oc,"[73, 96]"
1825,https://t.co/UPGAUcb7p8,http://bit.ly/32SqBoS,bit.ly/32SqBoS,"[91, 114]"
1827,https://t.co/s2boqDAbCD,http://bit.ly/2TLiKVZ,bit.ly/2TLiKVZ,"[72, 95]"
1828,https://t.co/a4DjatQZf7,http://bit.ly/3cxN12Z,bit.ly/3cxN12Z,"[49, 72]"
1829,https://t.co/slNMPUys1k,http://bit.ly/2wBBUG0,bit.ly/2wBBUG0,"[93, 116]"
1830,https://t.co/PMxX7Twb06,http://bit.ly/3cKXyIq,bit.ly/3cKXyIq,"[80, 103]"
1848,https://t.co/AKEHBpNKns,http://bit.ly/2TJV30l,bit.ly/2TJV30l,"[64, 87]"
1861,https://t.co/GbCnfy3khx,http://bit.ly/38jbQfS,bit.ly/38jbQfS,"[56, 79]"
1862,https://t.co/GbCnfy3khx,http://bit.ly/38jbQfS,bit.ly/38jbQfS,"[63, 86]"
1865,https://t.co/TQkq8DAvZ8,http://bit.ly/3atAqvR,bit.ly/3atAqvR,"[78, 101]"
1866,https://t.co/ouXP0R7HoZ,http://bit.ly/2TEkvnF,bit.ly/2TEkvnF,"[47, 70]"
1880,https://t.co/Jc0AWCTXZK,http://bit.ly/2TCDy1N,bit.ly/2TCDy1N,"[79, 102]"
1883,https://t.co/Jc0AWCTXZK,http://bit.ly/2TCDy1N,bit.ly/2TCDy1N,"[77, 100]"
1885,https://t.co/N7OO8YO29a,http://bit.ly/3arBgcv,bit.ly/3arBgcv,"[62, 85]"
1888,https://t.co/I7eRTERbZd,https://www.youtube.com/watch?v=iopsEECN5sw,youtube.com/watch?v=iopsEE…,"[79, 102]"
1890,https://t.co/Yhq9ldih0d,http://bit.ly/38odSeL,bit.ly/38odSeL,"[72, 95]"
1892,https://t.co/6ULndal5Zb,http://bit.ly/2TGJ3fM,bit.ly/2TGJ3fM,"[97, 120]"
1894,https://t.co/hBqeKkUBYn,http://bit.ly/2PKfVmX,bit.ly/2PKfVmX,"[77, 100]"
1895,https://t.co/OWLHObsQBR,http://bit.ly/3apDvx6,bit.ly/3apDvx6,"[73, 96]"
1898,https://t.co/gWIHolfM8l,http://bit.ly/2TnTLJj,bit.ly/2TnTLJj,"[63, 86]"
1899,https://t.co/ESXo0gbwez,http://bit.ly/2wrJy5w,bit.ly/2wrJy5w,"[78, 101]"
1900,https://t.co/vOQ6N0TCHQ,http://rupt.ly/k65ic,rupt.ly/k65ic,"[165, 188]"
1921,https://t.co/Rj7mc7oNJH,http://bit.ly/2wHRrUv,bit.ly/2wHRrUv,"[81, 104]"
1924,https://t.co/uFETEaZuGn,http://bit.ly/38oeaC5,bit.ly/38oeaC5,"[95, 118]"
1926,https://t.co/uFETEaZuGn,http://bit.ly/38oeaC5,bit.ly/38oeaC5,"[95, 118]"
1934,https://t.co/0GVGYjfExm,http://bit.ly/32LxKqL,bit.ly/32LxKqL,"[94, 117]"
1938,https://t.co/ko5TwRm1EI,http://bit.ly/3ctwPje,bit.ly/3ctwPje,"[73, 96]"
1940,https://t.co/0GVGYjfExm,http://bit.ly/32LxKqL,bit.ly/32LxKqL,"[101, 124]"
1944,https://t.co/73D4hUQvcB,http://bit.ly/2PHK31Y,bit.ly/2PHK31Y,"[93, 116]"
1949,https://t.co/O9LFN5rYOc,http://bit.ly/32MunzO,bit.ly/32MunzO,"[74, 97]"
1958,https://t.co/rWXC4gTP4N,http://bit.ly/38cWGsB,bit.ly/38cWGsB,"[53, 76]"
1960,https://t.co/kJY91REAnz,https://bit.ly/2TgHAOn,bit.ly/2TgHAOn,"[77, 100]"
1961,https://t.co/QBWlDCqs7z,https://bit.ly/2ThKjHk,bit.ly/2ThKjHk,"[74, 97]"
1965,https://t.co/YXLiPJBvWs,http://bit.ly/32Igseh,bit.ly/32Igseh,"[64, 87]"
1967,https://t.co/rWXC4hbqtn,http://bit.ly/38cWGsB,bit.ly/38cWGsB,"[62, 85]"
1968,https://t.co/JfKpNKYUiV,http://bit.ly/3akRpjZ,bit.ly/3akRpjZ,"[80, 103]"
1983,https://t.co/DCLhAlOdz6,http://bit.ly/2TgnT9x,bit.ly/2TgnT9x,"[50, 73]"
1985,https://t.co/DCLhAm5OXG,http://bit.ly/2TgnT9x,bit.ly/2TgnT9x,"[65, 88]"
1986,https://t.co/jc3uj08Jgn,http://bit.ly/38eekMC,bit.ly/38eekMC,"[62, 85]"
1987,https://t.co/FrYX5KT6D8,http://bit.ly/3clekgR,bit.ly/3clekgR,"[69, 92]"
1994,https://t.co/sQvY3F7BFO,http://bit.ly/38eXMUD,bit.ly/38eXMUD,"[83, 106]"
1996,https://t.co/VzVm1BQ4pZ,http://bit.ly/39qGZ2t,bit.ly/39qGZ2t,"[71, 94]"
1997,https://t.co/8wI26CcVZ8,http://bit.ly/2PCT0dd,bit.ly/2PCT0dd,"[55, 78]"
2000,https://t.co/zZoAA1Z86r,http://bit.ly/2uKiVs1,bit.ly/2uKiVs1,"[72, 95]"
2001,https://t.co/9e86zwYhCn,http://bit.ly/38bLmwz,bit.ly/38bLmwz,"[62, 85]"
2014,https://t.co/dSZbMhmjIs,https://www.youtube.com/watch?v=7RvPEDuH_r8,youtube.com/watch?v=7RvPED…,"[71, 94]"
2015,https://t.co/N51VWRNKj1,http://bit.ly/2Ia8uB6,bit.ly/2Ia8uB6,"[78, 101]"
2017,https://t.co/N51VWRw8Ur,http://bit.ly/2Ia8uB6,bit.ly/2Ia8uB6,"[78, 101]"
2023,https://t.co/QtLooLCzP9,http://bit.ly/2vk2hQw,bit.ly/2vk2hQw,"[69, 92]"
2029,https://t.co/b26EKupsXS,http://bit.ly/2I7glPX,bit.ly/2I7glPX,"[86, 109]"
2031,https://t.co/b26EKupsXS,http://bit.ly/2I7glPX,bit.ly/2I7glPX,"[67, 90]"
2034,https://t.co/aDm3blD1SG,http://bit.ly/38dWYPU,bit.ly/38dWYPU,"[75, 98]"
2041,https://t.co/sBc3i9SYIJ,http://bit.ly/3cn0FG3,bit.ly/3cn0FG3,"[66, 89]"
2047,https://t.co/ULD059IzXD,http://bit.ly/2Vzc0Ny,bit.ly/2Vzc0Ny,"[76, 99]"
2063,https://t.co/rseb3UIRRv,http://bit.ly/2PyUWmY,bit.ly/2PyUWmY,"[66, 89]"
2065,https://t.co/zewWwgUqRe,http://bit.ly/3arcBVN,bit.ly/3arcBVN,"[97, 120]"
2066,https://t.co/KTDMbMh1fX,http://bit.ly/2T7S4Qa,bit.ly/2T7S4Qa,"[75, 98]"
2069,https://t.co/nBJymvK232,http://bit.ly/2I2UQQn,bit.ly/2I2UQQn,"[75, 98]"
2070,https://t.co/UYXW5oPWqO,http://bit.ly/2PyGR96,bit.ly/2PyGR96,"[102, 125]"
2071,https://t.co/JBEPINyabT,http://bit.ly/2I4VD3l,bit.ly/2I4VD3l,"[84, 107]"
2072,https://t.co/TOxlx14w0z,http://bit.ly/2VzxAkS,bit.ly/2VzxAkS,"[79, 102]"
2073,https://t.co/hEpyh2lwby,http://bit.ly/38eWwkw,bit.ly/38eWwkw,"[84, 107]"
2074,https://t.co/5rWRMWeugL,http://bit.ly/2T6ISeI,bit.ly/2T6ISeI,"[64, 87]"
2076,https://t.co/5rWRMWeugL,http://bit.ly/2T6ISeI,bit.ly/2T6ISeI,"[64, 87]"
2079,https://t.co/8TWfMxCYu1,http://bit.ly/2wNXSFB,bit.ly/2wNXSFB,"[58, 81]"
2082,https://t.co/8TWfMxCYu1,http://bit.ly/2wNXSFB,bit.ly/2wNXSFB,"[91, 114]"
2083,https://t.co/8TWfMxCYu1,http://bit.ly/2wNXSFB,bit.ly/2wNXSFB,"[73, 96]"
2102,https://t.co/VlIDa4NtKt,http://bit.ly/2PuSnCs,bit.ly/2PuSnCs,"[63, 86]"
2106,https://t.co/VlIDa4NtKt,http://bit.ly/2PuSnCs,bit.ly/2PuSnCs,"[55, 78]"
2109,https://t.co/ceieoSaLqJ,http://bit.ly/2TotYPP,bit.ly/2TotYPP,"[81, 104]"
2111,https://t.co/OrJd0hzaMr,http://bit.ly/32zPUM9,bit.ly/32zPUM9,"[104, 127]"
2112,https://t.co/97OPz3KMet,http://bit.ly/398nfAo,bit.ly/398nfAo,"[76, 99]"
2133,https://t.co/eHY8iNiHsN,http://bit.ly/2T3H3PB,bit.ly/2T3H3PB,"[82, 105]"
2138,https://t.co/XNxkfh4Dlx,http://bit.ly/3aciRAe,bit.ly/3aciRAe,"[73, 96]"
2141,https://t.co/wqzmKwRuNq,http://bit.ly/2uwcwk2,bit.ly/2uwcwk2,"[80, 103]"
2147,https://t.co/KCUSkIlbwb,http://bit.ly/2IcpZ41,bit.ly/2IcpZ41,"[73, 96]"
2150,https://t.co/rknrHBwcrG,http://bit.ly/2Pv9aVN,bit.ly/2Pv9aVN,"[75, 98]"
2162,https://t.co/JE0vhv595s,https://bit.ly/2Tdxblm,bit.ly/2Tdxblm,"[83, 106]"
2163,https://t.co/Rj7mc7oNJH,http://bit.ly/2wHRrUv,bit.ly/2wHRrUv,"[100, 123]"
2167,https://t.co/LsS9XnREq3,http://bit.ly/2wR7GPl,bit.ly/2wR7GPl,"[65, 88]"
2168,https://t.co/lyX7ncRGUc,http://bit.ly/393OfRo,bit.ly/393OfRo,"[77, 100]"
2170,https://t.co/O31ZIuVHeJ,http://bit.ly/32sjjId,bit.ly/32sjjId,"[83, 106]"
2173,https://t.co/O31ZIuVHeJ,http://bit.ly/32sjjId,bit.ly/32sjjId,"[81, 104]"
2180,https://t.co/lgzPeFbqWE,http://bit.ly/2PoGA8H,bit.ly/2PoGA8H,"[107, 130]"
2194,https://t.co/R4nBwTVOZ8,http://bit.ly/3911x0W,bit.ly/3911x0W,"[94, 117]"
2197,https://t.co/aJSsP8QPi5,http://bit.ly/3afn1aX,bit.ly/3afn1aX,"[82, 105]"
2201,https://t.co/AdqpzNtoqb,http://bit.ly/2v7cpvQ,bit.ly/2v7cpvQ,"[50, 73]"
2202,https://t.co/hTRAIHDyet,https://www.youtube.com/watch?v=g2yFaWipdfk,youtube.com/watch?v=g2yFaW…,"[55, 78]"
2204,https://t.co/P79BD9Q8E9,http://bit.ly/2wGVgt3,bit.ly/2wGVgt3,"[70, 93]"
2208,https://t.co/MAcQ2vTxWG,http://bit.ly/2Vh9I5v,bit.ly/2Vh9I5v,"[85, 108]"
2209,https://t.co/RtF7n1aF1b,http://bit.ly/37Tt0Ap,bit.ly/37Tt0Ap,"[92, 115]"
2211,https://t.co/MAcQ2vTxWG,http://bit.ly/2Vh9I5v,bit.ly/2Vh9I5v,"[78, 101]"
2212,https://t.co/9NjK2JhTuZ,https://www.youtube.com/watch?v=rG1FqrddJdU,youtube.com/watch?v=rG1Fqr…,"[51, 74]"
2215,https://t.co/MTKS53pf8P,https://www.youtube.com/watch?v=r-cHJKrotxk,youtube.com/watch?v=r-cHJK…,"[61, 84]"
2217,https://t.co/AhQiNWEpGz,http://bit.ly/2VgtUEy,bit.ly/2VgtUEy,"[66, 89]"
2218,https://t.co/N7rWBNhigq,http://bit.ly/2VoBOf1,bit.ly/2VoBOf1,"[68, 91]"
2219,https://t.co/XH8gltreJ0,http://bit.ly/38YC2gY,bit.ly/38YC2gY,"[59, 82]"
2221,https://t.co/RtF7n1aF1b,http://bit.ly/37Tt0Ap,bit.ly/37Tt0Ap,"[85, 108]"
2223,https://t.co/ooeJt7IzE4,http://bit.ly/37Wijgr,bit.ly/37Wijgr,"[76, 99]"
2245,https://t.co/WyHVIpJY85,http://bit.ly/37R9iVX,bit.ly/37R9iVX,"[81, 104]"
2246,https://t.co/5cYS5hrax4,http://bit.ly/32knRjR,bit.ly/32knRjR,"[81, 104]"
2252,https://t.co/Lx846wGLxb,http://bit.ly/32r8u9o,bit.ly/32r8u9o,"[60, 83]"
2253,https://t.co/RbH0IjcgGf,http://bit.ly/2SUJOTj,bit.ly/2SUJOTj,"[51, 74]"
2257,https://t.co/cuIz39Bd02,https://www.youtube.com/watch?v=ylVWRZIZgqQ,youtube.com/watch?v=ylVWRZ…,"[44, 67]"
2263,https://t.co/CgzMN3ei4b,http://bit.ly/396GABK,bit.ly/396GABK,"[80, 103]"
2264,https://t.co/fVFdvZEg4t,http://bit.ly/2ViWIfu,bit.ly/2ViWIfu,"[64, 87]"
2265,https://t.co/9ZEd6qEmAx,http://bit.ly/32qC9iL,bit.ly/32qC9iL,"[61, 84]"
2267,https://t.co/FvfltHuy68,http://bit.ly/2uqmW4T,bit.ly/2uqmW4T,"[85, 108]"
2268,https://t.co/FvfltHuy68,http://bit.ly/2uqmW4T,bit.ly/2uqmW4T,"[82, 105]"
2270,https://t.co/QQKU1NwDRQ,http://bit.ly/32kxH5f,bit.ly/32kxH5f,"[89, 112]"
2324,https://t.co/TvuSfrP0OJ,http://bit.ly/2TawnNY,bit.ly/2TawnNY,"[84, 107]"
2327,https://t.co/AcVYheVWQM,http://bit.ly/2T4tf6p,bit.ly/2T4tf6p,"[103, 126]"
2329,https://t.co/2DOnH6aIOX,http://bit.ly/2wvu1Sb,bit.ly/2wvu1Sb,"[75, 98]"
2330,https://t.co/Ls9qVYpv03,http://bit.ly/2V91LPL,bit.ly/2V91LPL,"[103, 126]"
2336,https://t.co/lBlRMXNosV,http://bit.ly/2HHegKb,bit.ly/2HHegKb,"[81, 104]"
2344,https://t.co/z1N4O0r4Lp,http://bit.ly/3bZJhXJ,bit.ly/3bZJhXJ,"[77, 100]"
2347,https://t.co/6paWmB2NaJ,http://bit.ly/2T2r4jM,bit.ly/2T2r4jM,"[57, 80]"
2351,https://t.co/akK2SUvUER,http://bit.ly/2PaOB0U,bit.ly/2PaOB0U,"[82, 105]"
2352,https://t.co/CCUkvBWVIY,https://www.youtube.com/watch?v=rcADNIKgRzQ,youtube.com/watch?v=rcADNI…,"[60, 83]"
2356,https://t.co/xO4ommOeQj,http://bit.ly/38KRM72,bit.ly/38KRM72,"[84, 107]"
2359,https://t.co/4xpIBUuEO5,http://rupt.ly/t6dzl,rupt.ly/t6dzl,"[42, 65]"
2361,https://t.co/U1sVi9cJii,https://bit.ly/2SK0Bs8,bit.ly/2SK0Bs8,"[58, 81]"
2363,https://t.co/rDkgozDDb3,https://bit.ly/32b9pdV,bit.ly/32b9pdV,"[103, 126]"
2375,https://t.co/bHjQExkyfO,http://bit.ly/2V7DTvL,bit.ly/2V7DTvL,"[82, 105]"
2377,https://t.co/bcZ3YvgMu2,http://bit.ly/2vNbi4i,bit.ly/2vNbi4i,"[59, 82]"
2380,https://t.co/Acx3MBnlhd,http://bit.ly/38KQXeB,bit.ly/38KQXeB,"[49, 72]"
2381,https://t.co/sNsvKfrtp0,http://bit.ly/2uTKC1Q,bit.ly/2uTKC1Q,"[40, 63]"
2388,https://t.co/CStkVSXdJl,http://bit.ly/2V5ZIvH,bit.ly/2V5ZIvH,"[62, 85]"
2390,https://t.co/0pDvMh1RzI,http://bit.ly/2v4QHIL,bit.ly/2v4QHIL,"[94, 117]"
2392,https://t.co/CStkVSXdJl,http://bit.ly/2V5ZIvH,bit.ly/2V5ZIvH,"[64, 87]"
2396,https://t.co/srbfVt63ng,http://bit.ly/2PptZ5d,bit.ly/2PptZ5d,"[63, 86]"
2398,https://t.co/u85d2iek9W,http://bit.ly/2T10qHP,bit.ly/2T10qHP,"[104, 127]"
2402,https://t.co/CStkVSXdJl,http://bit.ly/2V5ZIvH,bit.ly/2V5ZIvH,"[90, 113]"
2426,https://t.co/7obfoqwSos,http://bit.ly/2wvfmGN,bit.ly/2wvfmGN,"[59, 82]"
2428,https://t.co/AfQG3a4Sq9,http://rupt.ly/mg6wj,rupt.ly/mg6wj,"[135, 158]"
2431,https://t.co/19lE5iVKVQ,http://bit.ly/2ubyJDU,bit.ly/2ubyJDU,"[109, 132]"
2436,https://t.co/AfQG3amtOJ,http://rupt.ly/mg6wj,rupt.ly/mg6wj,"[110, 133]"
2439,https://t.co/IkFmvdkajh,http://rupt.ly/ze8ac,rupt.ly/ze8ac,"[85, 108]"
2448,https://t.co/8IHOeElEsF,https://bit.ly/2ue4Q60,bit.ly/2ue4Q60,"[80, 103]"
2449,https://t.co/2H2pqVNqYr,https://bit.ly/2SF44Zh,bit.ly/2SF44Zh,"[87, 110]"
2450,https://t.co/8mBzOnFNFj,https://bit.ly/32e2HE0,bit.ly/32e2HE0,"[42, 65]"
2455,https://t.co/N5o84rWVVP,https://www.youtube.com/watch?v=AZEWtlwRqbU,youtube.com/watch?v=AZEWtl…,"[47, 70]"
2462,https://t.co/Qge1kpzlNn,http://bit.ly/2T0Xds6,bit.ly/2T0Xds6,"[54, 77]"
2466,https://t.co/vkpfZ5S8a7,https://www.youtube.com/watch?v=GhsjURBWrLc,youtube.com/watch?v=GhsjUR…,"[58, 81]"
2467,https://t.co/wMWYgCeEwj,http://bit.ly/327ySVi,bit.ly/327ySVi,"[74, 97]"
2470,https://t.co/x1YuRzHxnb,http://bit.ly/39Gsnvt,bit.ly/39Gsnvt,"[85, 108]"
2477,https://t.co/uMiFQFMPAN,http://rupt.ly/nc2k6,rupt.ly/nc2k6,"[71, 94]"
2488,https://t.co/X0HsHcPfAh,https://bit.ly/3bKDoNY,bit.ly/3bKDoNY,"[85, 108]"
2495,https://t.co/R4Wdui5Sym,http://bit.ly/3bJwIQn,bit.ly/3bJwIQn,"[84, 107]"
2496,https://t.co/i3Bw6c4b3h,http://bit.ly/2UWRvtK,bit.ly/2UWRvtK,"[95, 118]"
2497,https://t.co/U6Eww0ttl3,http://bit.ly/37t2T3a,bit.ly/37t2T3a,"[57, 80]"
2501,https://t.co/vv2IIJwVv5,http://bit.ly/322f2L8,bit.ly/322f2L8,"[99, 122]"
2505,https://t.co/3ja9e8a3Mz,http://bit.ly/2STn2dd,bit.ly/2STn2dd,"[84, 107]"
2508,https://t.co/8VQ4yeQNql,http://rupt.ly/5p9w8,rupt.ly/5p9w8,"[56, 79]"
2534,https://t.co/qThoG5iyiK,https://bit.ly/2SrVAED,bit.ly/2SrVAED,"[101, 124]"
2551,https://t.co/8hnmwUeCA3,http://bit.ly/39wcSGn,bit.ly/39wcSGn,"[50, 73]"
2552,https://t.co/VPsilKTau1,http://bit.ly/2P9wmsL,bit.ly/2P9wmsL,"[71, 94]"
2558,https://t.co/Zn4VKWahEF,http://bit.ly/31Tp6WQ,bit.ly/31Tp6WQ,"[106, 129]"
2563,https://t.co/weYdWuWAeg,https://bit.ly/2HiULaS,bit.ly/2HiULaS,"[92, 115]"
2570,https://t.co/Jj7KvqZ9hS,https://bit.ly/2SnoeXt,bit.ly/2SnoeXt,"[84, 107]"
2580,https://t.co/1Gi7n0zIZQ,http://bit.ly/2SImyqn,bit.ly/2SImyqn,"[55, 78]"
2586,https://t.co/VSOwynuXU6,https://www.youtube.com/watch?v=TXJnu-bh9k4,youtube.com/watch?v=TXJnu-…,"[45, 68]"
2593,https://t.co/8tpCHzXgiz,http://bit.ly/2SoPyEG,bit.ly/2SoPyEG,"[79, 102]"
2594,https://t.co/mCwrhBJird,http://bit.ly/39zQtrN,bit.ly/39zQtrN,"[91, 114]"
2597,https://t.co/bpRGVxkhdm,http://bit.ly/2SDOY4Z,bit.ly/2SDOY4Z,"[118, 141]"
2611,https://t.co/8KdiqmvnrE,https://www.youtube.com/watch?v=nctK1xavQ-k,youtube.com/watch?v=nctK1x…,"[44, 67]"
2612,https://t.co/xLXSWoJ047,http://bit.ly/39pLN7u,bit.ly/39pLN7u,"[89, 112]"
2618,https://t.co/XqDX1bSo86,http://bit.ly/31KCNaE,bit.ly/31KCNaE,"[76, 99]"
2637,https://t.co/5A90gO6K7h,http://bit.ly/2UEhTbI,bit.ly/2UEhTbI,"[66, 89]"
2642,https://t.co/bEXxiifNpU,http://bit.ly/2uCdqM2,bit.ly/2uCdqM2,"[83, 106]"
2645,https://t.co/PHVskIMK83,http://bit.ly/2w1sqDo,bit.ly/2w1sqDo,"[51, 74]"
2646,https://t.co/FNBe4FvH2H,http://bit.ly/37e91fD,bit.ly/37e91fD,"[72, 95]"
2650,https://t.co/z7Dt2djrhT,http://bit.ly/2UHTamF,bit.ly/2UHTamF,"[83, 106]"
2652,https://t.co/R4lSfQAnEp,http://rupt.ly/w2h1o,rupt.ly/w2h1o,"[92, 115]"
2654,https://t.co/ZfIlRxgHQx,http://bit.ly/2urL1IE,bit.ly/2urL1IE,"[89, 112]"
2656,https://t.co/K8BtKBIuQM,http://bit.ly/2OHWTwO,bit.ly/2OHWTwO,"[84, 107]"
2657,https://t.co/Z00yFGy4mC,http://rupt.ly/ohuit,rupt.ly/ohuit,"[67, 90]"
2658,https://t.co/R4lSfQiMMR,http://rupt.ly/w2h1o,rupt.ly/w2h1o,"[149, 172]"
2659,https://t.co/mcOveGF18U,https://bit.ly/3bsuch4,bit.ly/3bsuch4,"[78, 101]"
2676,https://t.co/YsrVHv4X19,http://bit.ly/2SidCJv,bit.ly/2SidCJv,"[61, 84]"
2681,https://t.co/mkdbdtN2Vm,http://bit.ly/37aT0qN,bit.ly/37aT0qN,"[50, 73]"
2682,https://t.co/NyHNt9d5l4,http://bit.ly/2uyfvIR,bit.ly/2uyfvIR,"[76, 99]"
2685,https://t.co/HDvVVUsU6h,http://bit.ly/2HgAW3H,bit.ly/2HgAW3H,"[57, 80]"
2692,https://t.co/H0FG4BXd4D,http://rupt.ly/pktoz,rupt.ly/pktoz,"[61, 84]"
2702,https://t.co/UpmSl6UfPZ,https://bit.ly/2Hb5J1S,bit.ly/2Hb5J1S,"[94, 117]"
2719,https://t.co/txMmOHLwFP,http://bit.ly/37dsFs6,bit.ly/37dsFs6,"[84, 107]"
2720,https://t.co/f9f0X1LiNI,http://bit.ly/2OCZMyQ,bit.ly/2OCZMyQ,"[76, 99]"
2730,https://t.co/tNqIBnWCb9,http://bit.ly/31E5UMU,bit.ly/31E5UMU,"[154, 177]"
2732,https://t.co/ihSTkehLdf,https://www.youtube.com/watch?v=doUJIp329wA,youtube.com/watch?v=doUJIp…,"[44, 67]"
2733,https://t.co/4VcQLWvExa,https://www.youtube.com/watch?v=GB4mWY42KC8,youtube.com/watch?v=GB4mWY…,"[82, 105]"
2739,https://t.co/fu3KrG24qj,http://bit.ly/39g7NBO,bit.ly/39g7NBO,"[93, 116]"
2747,https://t.co/AipJT4e8wH,http://bit.ly/2SqnFuS,bit.ly/2SqnFuS,"[70, 93]"
2751,https://t.co/FkH36NR7WH,http://bit.ly/3biiwNX,bit.ly/3biiwNX,"[100, 123]"
2753,https://t.co/kZ0pHhftRp,http://bit.ly/2SoVLPT,bit.ly/2SoVLPT,"[106, 129]"
2757,https://t.co/kOGxGGqiyh,http://bit.ly/3bjtmTY,bit.ly/3bjtmTY,"[54, 77]"
2760,https://t.co/DHSnxYE2P2,http://bit.ly/31ws0AO,bit.ly/31ws0AO,"[62, 85]"
2764,https://t.co/9UfpqDoakp,http://bit.ly/3bhQjqw,bit.ly/3bhQjqw,"[76, 99]"
2765,https://t.co/WoXoQBdjH8,http://bit.ly/385rJqQ,bit.ly/385rJqQ,"[74, 97]"
2778,https://t.co/q3k4oHOHoa,https://bit.ly/2S3Ld9D,bit.ly/2S3Ld9D,"[86, 109]"
2779,https://t.co/dciqxQMzYD,https://bit.ly/39hZKEL,bit.ly/39hZKEL,"[100, 123]"
2789,https://t.co/Od4yYZ8gMx,http://bit.ly/2SBnA7N,bit.ly/2SBnA7N,"[74, 97]"
2790,https://t.co/Od4yYZ8gMx,http://bit.ly/2SBnA7N,bit.ly/2SBnA7N,"[70, 93]"
2793,https://t.co/3Cenq2lmEj,http://bit.ly/2Uw5RBe,bit.ly/2Uw5RBe,"[71, 94]"
2800,https://t.co/sHt5790dxf,https://www.youtube.com/watch?v=xWgzgvfhvAs,youtube.com/watch?v=xWgzgv…,"[106, 129]"
2803,https://t.co/W1okv1ELwW,http://bit.ly/2tvsDxM,bit.ly/2tvsDxM,"[71, 94]"
2805,https://t.co/PTzK8f4cGX,http://bit.ly/39be29T,bit.ly/39be29T,"[96, 119]"
2807,https://t.co/C84nRvuN9c,http://bit.ly/3bjdUXI,bit.ly/3bjdUXI,"[103, 126]"
2808,https://t.co/lJFnINikLO,http://bit.ly/2OyRB6G,bit.ly/2OyRB6G,"[86, 109]"
2809,https://t.co/fbMXujsaHH,http://bit.ly/3bg6MeP,bit.ly/3bg6MeP,"[89, 112]"
2810,https://t.co/jtGJEDGkcl,http://bit.ly/2tuOGoi,bit.ly/2tuOGoi,"[105, 128]"
2814,https://t.co/fbMXujsaHH,http://bit.ly/3bg6MeP,bit.ly/3bg6MeP,"[91, 114]"
2817,https://t.co/B6yy5ZepRe,https://bit.ly/2S0oLyq,bit.ly/2S0oLyq,"[60, 83]"
2820,https://t.co/tZWOnIN8fl,https://bit.ly/31tdRnX,bit.ly/31tdRnX,"[70, 93]"
2830,https://t.co/GqjckCcM1K,https://bit.ly/2Ur8rbp,bit.ly/2Ur8rbp,"[75, 98]"
2833,https://t.co/bWgoYIHxeq,https://bit.ly/3969K3y,bit.ly/3969K3y,"[67, 90]"
2834,https://t.co/bWgoYIHxeq,https://bit.ly/3969K3y,bit.ly/3969K3y,"[57, 80]"
2843,https://t.co/6Cme2ddOfF,http://bit.ly/2H0CfDK,bit.ly/2H0CfDK,"[67, 90]"
2844,https://t.co/CynQBbzvME,http://bit.ly/3bgALmP,bit.ly/3bgALmP,"[90, 113]"
2848,https://t.co/AYf1xeQlI0,http://bit.ly/2RY49a2,bit.ly/2RY49a2,"[51, 74]"
2860,https://t.co/4ZAdQwpC6D,https://bit.ly/3bcJnuQ,bit.ly/3bcJnuQ,"[57, 80]"
2874,https://t.co/VQ5TmMbUwL,http://bit.ly/2vPcxA1,bit.ly/2vPcxA1,"[69, 92]"
2881,https://t.co/qzkOUXrJmB,http://bit.ly/397dRN2,bit.ly/397dRN2,"[96, 119]"
2901,https://t.co/45dRAQH0gZ,http://bit.ly/385MxyJ,bit.ly/385MxyJ,"[93, 116]"
2906,https://t.co/dVqJZ29PSQ,http://bit.ly/2GQJJcx,bit.ly/2GQJJcx,"[78, 101]"
2909,https://t.co/dfXs7xLSO8,http://bit.ly/2UwGm2L,bit.ly/2UwGm2L,"[59, 82]"
2917,https://t.co/bCrKZQJLA3,http://bit.ly/2SitzOm,bit.ly/2SitzOm,"[76, 99]"
2919,https://t.co/0aY97ZV8zm,http://bit.ly/2vDRpfQ,bit.ly/2vDRpfQ,"[72, 95]"
2920,https://t.co/0aY97ZV8zm,http://bit.ly/2vDRpfQ,bit.ly/2vDRpfQ,"[80, 103]"
2922,https://t.co/mvIVmXpre1,http://bit.ly/31vA1pL,bit.ly/31vA1pL,"[87, 110]"
2923,https://t.co/sSRwmOM6zv,http://bit.ly/390mpoP,bit.ly/390mpoP,"[82, 105]"
2926,https://t.co/YFVJvtOr8P,http://bit.ly/391GPh7,bit.ly/391GPh7,"[85, 108]"
2927,https://t.co/ZcvgEiOUQ0,http://rupt.ly/ndr9y,rupt.ly/ndr9y,"[66, 89]"
2938,https://t.co/zlsmhMTF03,http://bit.ly/3b7cxva,bit.ly/3b7cxva,"[74, 97]"
2940,https://t.co/zlsmhMTF03,http://bit.ly/3b7cxva,bit.ly/3b7cxva,"[81, 104]"
2944,https://t.co/zlsmhMTF03,http://bit.ly/3b7cxva,bit.ly/3b7cxva,"[80, 103]"
2958,https://t.co/pJftHFEbXk,http://bit.ly/3b61t1C,bit.ly/3b61t1C,"[69, 92]"
2972,https://t.co/x5D2omcn74,http://bit.ly/31gen8x,bit.ly/31gen8x,"[110, 133]"
2975,https://t.co/tzSB5uNjij,https://www.youtube.com/watch?v=qoZB6kqohYw,youtube.com/watch?v=qoZB6k…,"[69, 92]"
2977,https://t.co/jm0aV8Jkm1,http://bit.ly/2UgDczM,bit.ly/2UgDczM,"[75, 98]"
2980,https://t.co/u70qdAD3ut,http://bit.ly/2OfrNN1,bit.ly/2OfrNN1,"[60, 83]"
2983,https://t.co/jm0aV8Jkm1,http://bit.ly/2UgDczM,bit.ly/2UgDczM,"[76, 99]"
2988,https://t.co/PuFyck2VTv,http://bit.ly/2OfAWFi,bit.ly/2OfAWFi,"[48, 71]"
3002,https://t.co/OSZXkmagtA,http://bit.ly/2Oi5PJ7,bit.ly/2Oi5PJ7,"[80, 103]"
3006,https://t.co/N86Zx5o452,http://bit.ly/2tbcrSa,bit.ly/2tbcrSa,"[95, 118]"
3010,https://t.co/AFj9dZHYei,http://rupt.ly/gkx62,rupt.ly/gkx62,"[69, 92]"
3021,https://t.co/umHE5f8RpB,http://bit.ly/2OcwqHn,bit.ly/2OcwqHn,"[74, 97]"
3024,https://t.co/XZAUUcBM95,http://bit.ly/2RGM2VZ,bit.ly/2RGM2VZ,"[46, 69]"
3029,https://t.co/8GOl1uOHN1,http://bit.ly/2ObvgMh,bit.ly/2ObvgMh,"[56, 79]"
3030,https://t.co/jbXjmslJV2,http://bit.ly/2ObuT4l,bit.ly/2ObuT4l,"[90, 113]"
3036,https://t.co/VPoeZKikTM,http://bit.ly/2U9zMis,bit.ly/2U9zMis,"[77, 100]"
3039,https://t.co/0IItDu6ohw,http://bit.ly/2OcnhyB,bit.ly/2OcnhyB,"[98, 121]"
3040,https://t.co/CmY1qhy1w2,http://bit.ly/37FVb6G,bit.ly/37FVb6G,"[73, 96]"
3041,https://t.co/8wOBbqXsWl,http://bit.ly/3aX1Qv6,bit.ly/3aX1Qv6,"[62, 85]"
3044,https://t.co/vthYDAquY7,http://bit.ly/3aUCpuf,bit.ly/3aUCpuf,"[66, 89]"
3049,https://t.co/JQSyu3uIb4,http://rupt.ly/36072,rupt.ly/36072,"[55, 78]"
3065,https://t.co/ZECUifrpn2,http://bit.ly/36DNvk7,bit.ly/36DNvk7,"[89, 112]"
3067,https://t.co/EESts52h4T,http://bit.ly/2RAx6s9,bit.ly/2RAx6s9,"[69, 92]"
3069,https://t.co/invGf4cv78,http://bit.ly/2uF8jdE,bit.ly/2uF8jdE,"[65, 88]"
3070,https://t.co/nms2svlmnV,http://bit.ly/2O9YZp4,bit.ly/2O9YZp4,"[68, 91]"
3072,https://t.co/wm8bb3g3KF,http://bit.ly/2RFk8cZ,bit.ly/2RFk8cZ,"[54, 77]"
3073,https://t.co/rYNL27V6xC,http://bit.ly/312sAG6,bit.ly/312sAG6,"[61, 84]"
3077,https://t.co/wGDzaD3GWQ,http://bit.ly/2GxcWsP,bit.ly/2GxcWsP,"[47, 70]"
3079,https://t.co/EESts52h4T,http://bit.ly/2RAx6s9,bit.ly/2RAx6s9,"[60, 83]"
3080,https://t.co/LbSJNYxj3C,http://bit.ly/2ObLjtM,bit.ly/2ObLjtM,"[64, 87]"
3084,https://t.co/MBv2EalIxY,http://bit.ly/2RZlo9B,bit.ly/2RZlo9B,"[74, 97]"
3085,https://t.co/pyEPmuXUVy,http://bit.ly/314nQQm,bit.ly/314nQQm,"[77, 100]"
3087,https://t.co/oxnRq39neJ,http://bit.ly/38RSFKz,bit.ly/38RSFKz,"[86, 109]"
3089,https://t.co/tsqwHUYoQZ,https://www.youtube.com/watch?v=VWuas7kN8RM,youtube.com/watch?v=VWuas7…,"[51, 74]"
3090,https://t.co/lic2tSSSn9,http://rupt.ly/tq71y,rupt.ly/tq71y,"[114, 137]"
3103,https://t.co/dhXOcMb7lC,http://bit.ly/2RyJ9Gq,bit.ly/2RyJ9Gq,"[70, 93]"
3106,https://t.co/zrbDDHJvJD,http://bit.ly/3aRWfpR,bit.ly/3aRWfpR,"[60, 83]"
3110,https://t.co/wtpAusLIja,http://bit.ly/2Rxlt5u,bit.ly/2Rxlt5u,"[94, 117]"
3111,https://t.co/OMTxYwdNHV,http://bit.ly/36vGt0B,bit.ly/36vGt0B,"[102, 125]"
3113,https://t.co/y4EdoW7oF1,http://bit.ly/38WSeiv,bit.ly/38WSeiv,"[74, 97]"
3118,https://t.co/sPUjC0IBzt,http://bit.ly/2uJF7SD,bit.ly/2uJF7SD,"[68, 91]"
3125,https://t.co/VUO5W64Ea1,http://bit.ly/2Gs9mjK,bit.ly/2Gs9mjK,"[53, 76]"
3127,https://t.co/IieCYgvxf2,http://bit.ly/36yTAya,bit.ly/36yTAya,"[99, 122]"
3129,https://t.co/HvN2nG6UuJ,http://bit.ly/37x9laj,bit.ly/37x9laj,"[108, 131]"
3131,https://t.co/grCkn7VCbS,http://bit.ly/2TXMuRc,bit.ly/2TXMuRc,"[91, 114]"
3134,https://t.co/Sc5lxNshdF,https://bit.ly/2tYdSDT,bit.ly/2tYdSDT,"[47, 70]"
3138,https://t.co/ugkn6U9A4W,https://bit.ly/36xWPWo,bit.ly/36xWPWo,"[76, 99]"
3142,https://t.co/rfHTcS4ih1,http://LiveATC.net,LiveATC.net,"[80, 103]"
3150,https://t.co/uOxFFKAL0S,http://bit.ly/37yGMsR,bit.ly/37yGMsR,"[57, 80]"
3153,https://t.co/5piBAGTpmt,http://bit.ly/37wvp4x,bit.ly/37wvp4x,"[61, 84]"
3154,https://t.co/ExH34E0YNB,http://bit.ly/2GpJtkA,bit.ly/2GpJtkA,"[90, 113]"
3155,https://t.co/6XOLFlHK88,https://www.youtube.com/watch?v=al-L8tKLNRc,youtube.com/watch?v=al-L8t…,"[87, 110]"
3156,https://t.co/CflU1kmiNg,http://bit.ly/2RwGeOC,bit.ly/2RwGeOC,"[52, 75]"
3159,https://t.co/y75Aus9RYo,http://bit.ly/2O3Las4,bit.ly/2O3Las4,"[74, 97]"
3161,https://t.co/zy6ACQnT0b,http://bit.ly/2vqFLFb,bit.ly/2vqFLFb,"[63, 86]"
3164,https://t.co/7f1437WVPO,http://bit.ly/2Rwiavg,bit.ly/2Rwiavg,"[81, 104]"
3166,https://t.co/zy6ACQnT0b,http://bit.ly/2vqFLFb,bit.ly/2vqFLFb,"[62, 85]"
3168,https://t.co/w6DxVgpd1d,http://bit.ly/3121tLw,bit.ly/3121tLw,"[100, 123]"
3178,https://t.co/Baza1QxEQa,http://rupt.ly/le38b,rupt.ly/le38b,"[201, 224]"
3179,https://t.co/LccWavQekp,https://bit.ly/2O2wZU9,bit.ly/2O2wZU9,"[71, 94]"
